"PlayerID","PLAYER","AGE","AVG. SALARY","IP","ERA","WHIP","W","SV","WAR","Predicted_Salary","Model_Difference"
355,"Patrick Corbin",29.3,23333333,200,3.15,1.05,11,0,4.37,3476291.56044994,-0.851016073852375
340,"Nathan Eovaldi",28.8,1.7e+07,111,3.81,1.13,7,0,0.52,5589707.07417132,-0.671193701519334
109,"Craig Kimbrel",31,14333333,62.3,2.74,1,5,42,2.09,12704847.7119678,-0.113615255295626
454,"Zack Britton",31,1.3e+07,40.7,3.1,1.23,2,7,0.33,3478070.80133588,-0.732456092204932
182,"J.A. Happ",36.1,1.7e+07,177.7,3.65,1.13,17,0,1.03,8063429.66398715,-0.525680608000756
218,"Jeurys Familia",29.2,1e+07,72,3.13,1.22,8,18,1.08,7121586.81619487,-0.287841318380513
284,"Lance Lynn",31.6,1e+07,156.7,4.77,1.53,10,0,0.12,5975252.65593514,-0.402474734406486
85,"Charlie Morton",35.1,1.5e+07,167,3.13,1.16,15,0,3.41,3704068.55149498,-0.753062096567001
11,"Adam Ottavino",33.1,9e+06,77.7,2.43,0.99,6,6,2.44,4899386.73340414,-0.455623696288428
32,"Andrew Miller",33.6,12500000,34,4.24,1.38,2,2,0.2,2617145.03420111,-0.790628397263911
224,"Joe Kelly",30.5,8333333,65.7,4.39,1.36,4,2,0.21,3619686.62436584,-0.565637587701603
130,"David Robertson",33.7,11500000,69.7,3.23,1.03,8,5,0.68,5325011.23597613,-0.536955544697728
113,"Dallas Keuchel",31.4,21210000,204.7,3.74,1.31,12,0,2.28,4970104.09042013,-0.765671660046198
40,"Aníbal Sánchez",34.8,9500000,136.7,2.83,1.08,7,0,3.27,3775181.4411839,-0.602612479875379
265,"Kelvin Herrera",29,9e+06,44.3,2.44,1.2,2,17,1.62,5196731.62142608,-0.422585375397103
161,"Garrett Richards",30.5,7750000,76.3,3.66,1.28,5,0,0.33,3859859.55243686,-0.501953606137179
221,"Joakim Soria",34.6,7500000,60.7,3.12,1.14,3,16,1.03,4997024.15692387,-0.333730112410151
323,"Michael Fiers",33.5,7050000,172,3.56,1.18,12,0,3.45,3749405.56731862,-0.468169423075373
313,"Matt Harvey",29.7,1.1e+07,155,4.94,1.3,7,0,-0.42,6817662.43772256,-0.380212505661585
264,"Justin Wilson",31.4,5e+06,54.7,3.46,1.43,4,0,0.58,2965437.18348436,-0.406912563303129
419,"Trevor Cahill",30.8,9e+06,110,3.76,1.19,7,0,1.41,4699839.9363283,-0.477795562630189
99,"Cody Allen",30.1,8500000,67,4.7,1.36,4,27,0.07,7113170.21814925,-0.163156444923617
215,"Jesse Chavez",35.2,4e+06,95.3,2.55,1.06,5,5,1.22,4542090.29564115,0.135522573910287
132,"Derek Holland",32.2,7e+06,171.3,3.57,1.29,7,0,2.46,4079041.79568887,-0.417279743473018
431,"Tyson Ross",31.6,5750000,149.7,4.15,1.3,7,0,0.55,5363556.13457952,-0.0672076287687789
433,"Wade Miley",32.2,4500000,80.7,2.57,1.22,5,0,1.44,3662475.08956364,-0.186116646763636
298,"Marco Estrada",35.5,4e+06,143.7,5.64,1.43,7,0,0.44,4727865.0398988,0.1819662599747
305,"Martin Perez",27.8,4e+06,85.3,6.22,1.78,2,0,-0.78,2823361.66178536,-0.294159584553659
316,"Matt Shoemaker",32.2,3500000,31,4.94,1.26,2,0,0.22,2863394.85760061,-0.181887183542682
165,"Greg Holland",33.2,3250000,46.3,4.66,1.62,2,3,-1.36,2200191.02300986,-0.323018146766197
96,"Clay Buchholz",34.5,3e+06,98.3,2.01,1.04,7,0,2.79,3904537.23393908,0.301512411313026
191,"Jake Diekman",32,2750000,53.3,4.73,1.5,1,2,0.81,2729955.07177379,-0.00728906480953267
390,"Shawn Kelley",34.8,2750000,49,2.94,0.9,2,0,0.54,3488450.44146018,0.268527433258246
13,"Adam Warren",31.5,2500000,51.7,3.14,1.32,3,0,0.59,2983698.68341684,0.193479473366736
387,"Sergio Romo",35.9,2500000,67.3,4.14,1.26,3,25,0.21,5866407.74387766,1.34656309755106
353,"Oliver Perez",37.4,2500000,32.3,1.39,0.74,1,0,1.29,3321629.83370336,0.328651933481342
315,"Matt Moore",29.4,2500000,102,6.79,1.66,3,0,-1.03,3559720.91111183,0.423888364444733
52,"Brad Boxberger",30.7,2200000,53.3,4.39,1.43,3,32,-0.78,6460940.91481089,1.93679132491404
241,"Jordan Lyles",28.1,2050000,87.7,4.11,1.27,3,0,0.35,3971954.65135021,0.937538854317174
164,"Gio Gonzalez",33.6,2e+06,171,4.21,1.44,10,0,0.91,5333036.77872007,1.66651838936004
451,"Zach Duke",35.8,2e+06,52,4.15,1.5,5,0,0.12,2695632.19090131,0.347816095450657
391,"Shelby Miller",28.2,2e+06,16,1.69,2,0,0,-1.07,1141035.18801934,-0.429482405990332
117,"Daniel Hudson",32,1500000,46,4.11,1.22,3,0,-0.37,3086449.58917482,1.05763305944988
62,"Brett Anderson",31,1500000,80.3,4.48,1.28,4,0,0.6,3818214.67206231,1.54547644804154
137,"Drew Pomeranz",30.2,1500000,74,6.08,1.77,2,0,-0.73,2518778.39484203,0.679185596561353
108,"Cory Gearrin",32.7,1400000,57.3,3.77,1.34,2,1,0.19,2877273.91398659,1.05519565284757
214,"Jeremy Hellickson",31.8,1300000,91.3,3.45,1.07,5,0,1.33,4413075.84753732,2.39467372887486
177,"Hunter Strickland",30.3,1300000,45.3,3.97,1.41,3,15,-0.31,4109211.53813925,2.16093195241481
413,"Tony Sipp",35.7,1250000,38.7,1.86,1.03,3,0,1.28,3132520.26059825,1.5060162084786
453,"Zach McAllister",31.1,1e+06,45,6.2,1.49,1,0,-0.14,2569757.10311961,1.56975710311961
197,"Jake Petricka",30.6,9e+05,45.7,4.53,1.64,3,0,-0.06,2439243.33556295,1.71027037284773
24,"Alex Wilson",32.3,750000,61.7,3.36,1.05,2,0,1.42,3690264.5838996,3.9203527785328
412,"Tony Barnette",35.2,750000,26.3,2.39,0.91,2,0,0.46,3066266.15993182,3.08835487990909
267,"Kendall Graveman",28,575000,34.3,7.6,1.66,1,0,-0.88,2318640.45617044,3.03241818464425
163,"Gerrit Cole",29.2,3.6e+07,212.3,2.5,0.9,20,0,6.64,1410427.10410651,-0.960821469330375
395,"Stephen Strasburg",31.3,3.5e+07,209,3.32,1.04,18,0,5.63,1997211.89214593,-0.942936803081545
456,"Zack Wheeler",29.5,23600000,195.3,3.96,1.26,11,0,3.27,4099200.08163741,-0.82630508128655
293,"Madison Bumgarner",30.3,1.7e+07,207.7,3.9,1.13,9,0,2.87,4762731.69641695,-0.719839311975474
178,"Hyun-Jin Ryu",32.7,2e+07,182.7,2.32,1.01,14,0,5.14,2579722.11259413,-0.871013894370294
113,"Dallas Keuchel",31.9,18500000,112.7,3.75,1.37,8,0,2.27,3831519.7936085,-0.792890821967108
436,"Will Smith",30.3,13333333,65.3,2.76,1.03,6,34,2.24,10572469.5393098,-0.207064764728384
137,"Drew Pomeranz",31,8500000,104,4.85,1.43,2,2,-0.15,3654258.80035253,-0.570087199958526
282,"Kyle Gibson",32.1,9333333,160,4.84,1.44,13,0,0.34,7127112.56127736,-0.236380769733882
435,"Will Harris",35.3,8e+06,60,1.5,0.93,4,4,1.93,4118500.87574376,-0.48518739053203
402,"Tanner Roark",33.2,1.2e+07,165.3,4.36,1.4,10,0,1.94,4466051.45673456,-0.62782904527212
327,"Michael Pineda",30.8,1e+07,146,4.01,1.16,11,0,2.6,4862534.63615413,-0.513746536384587
101,"Cole Hamels",35.9,1.8e+07,141.7,3.81,1.39,7,0,2.68,3312793.19017061,-0.81595593387941
241,"Jordan Lyles",29.1,8e+06,141,4.15,1.32,12,0,0.16,7424166.83809939,-0.0719791452375767
433,"Wade Miley",33.1,7500000,167.3,3.98,1.35,14,0,1.58,5604027.91897878,-0.252796277469496
92,"Chris Martin",33.4,7e+06,55.7,3.4,1.02,1,4,1.55,3921791.49343854,-0.439744072365923
117,"Daniel Hudson",32.8,5500000,73,2.47,1.14,9,8,0.95,5452328.21047299,-0.00866759809581969
131,"Dellin Betances",31.8,10500000,0.7,0,0,0,0,0.04,4466600.45573388,-0.574609480406298
365,"Rick Porcello",30.9,1e+07,174.3,5.52,1.39,14,0,0.85,7593173.00699253,-0.240682699300747
51,"Blake Treinen",31.4,1e+07,58.7,4.91,1.62,6,16,-0.15,4670780.22301666,-0.532921977698334
110,"Craig Stammen",35.8,4500000,82,3.29,1.16,8,4,1.08,4575680.02962012,0.0168177843600259
256,"Julio Teherán",28.8,9e+06,174.7,3.81,1.32,10,0,3.15,4032918.93406449,-0.551897896215057
270,"Kevin Gausman",28.9,9e+06,102.3,5.72,1.42,3,0,-0.71,4060799.13788329,-0.548800095790745
226,"Joe Smith",35.7,4e+06,25,1.8,0.96,1,0,0.62,2745964.23273154,-0.313508941817116
191,"Jake Diekman",32.8,3750000,61,4.72,1.43,1,0,0.28,2651704.04724733,-0.292878920734046
173,"Homer Bailey",33.6,7e+06,163.3,4.57,1.32,13,0,1.21,6093315.58029747,-0.12952634567179
397,"Steve Cishek",33.5,6e+06,64,2.95,1.2,4,7,1.65,4095907.89960221,-0.317348683399631
305,"Martin Perez",28.7,6e+06,165.3,5.12,1.52,10,0,0.4,6419048.60296537,0.0698414338275623
164,"Gio Gonzalez",34.2,5e+06,87.3,3.5,1.29,3,0,2.1,3281679.06027423,-0.343664187945153
387,"Sergio Romo",36.8,5e+06,60.3,3.43,1.11,2,20,0.31,5051472.0902874,0.0102944180574792
62,"Brett Anderson",31.8,5e+06,176,3.89,1.31,13,0,2.91,4164361.23135412,-0.167127753729176
12,"Adam Wainwright",38.2,5e+06,171.7,4.19,1.43,14,0,1.67,4660165.78383838,-0.0679668432323247
25,"Alex Wood",29,4e+06,35.7,5.8,1.4,1,0,-0.17,2710431.02656039,-0.322392243359902
58,"Brandon Kintzler",35.4,3250000,57,2.68,1.04,3,1,1.56,3534646.14543086,0.0875834293633413
172,"Hector Rondon",31.8,3e+06,60.7,3.71,1.25,3,0,0.67,3307452.65158701,0.102484217195671
364,"Rich Hill",39.8,3e+06,58.7,2.46,1.13,4,0,1.18,2957312.96404788,-0.0142290119840393
329,"Michael Wacha",28.4,3e+06,126.7,4.76,1.56,6,0,0.15,4510821.4879675,0.503607162655834
430,"Tyler Clippard",34.8,2750000,62,2.9,0.86,1,0,1.35,3758023.34117755,0.366553942246383
126,"Darren O'Day",37,2750000,5.3,1.69,0.75,0,0,0.19,2583428.15771495,-0.0605715790127465
257,"Junior Guerra",34.8,2650000,83.7,3.55,1.12,9,3,1.49,4811367.63755865,0.815610429267414
53,"Brad Brach",33.6,1050000,54.3,5.47,1.62,5,0,-0.44,2770683.53372462,1.63874622259488
401,"Taijuan Walker",27.5,2e+06,1,0,1,0,0,0.05,2412759.03873486,0.206379519367428
358,"Pedro Strop",34.6,1825000,41.7,4.97,1.27,2,10,-0.07,3557738.43752373,0.949445719191082
428,"Tyler Anderson",29.9,1775000,20.7,11.76,2.13,0,0,-0.89,1656559.38572463,-0.0667271066340102
457,"Álex Claudio",27.8,1750000,62,4.07,1.31,2,0,0.7,3406368.9231412,0.946496527509256
445,"Yoshihisa Hirano",35.8,1600000,53,4.76,1.38,5,1,-0.35,3090903.18795198,0.931814492469988
39,"Anthony Swarzak",34.3,1500000,53.3,4.56,1.48,3,4,-0.34,2840985.57333544,0.893990382223626
129,"David Phelps",33.2,1500000,34.3,3.41,1.4,2,1,0.27,2460755.31303208,0.640503542021383
181,"Ivan Nova",33,1500000,187,4.72,1.46,11,0,1.92,4680830.47465278,2.12055364976852
220,"Jimmy Nelson",30.6,1250000,22,6.96,1.91,0,0,-0.43,1637669.53507072,0.310135628056573
444,"Yimi Garcia",29.2,1100000,62.3,3.61,0.87,1,0,0.27,4134576.05257632,2.75870550234211
74,"C.J. Edwards",28.2,950000,17,8.47,1.47,1,0,-0.25,2704058.12000856,1.84637696843006
376,"Ryan Tepera",32.1,9e+05,21.7,4.99,1.29,0,0,0.03,2391127.7453599,1.65680860595544
408,"Tommy Hunter",33.6,850000,5.3,0,0.38,0,0,0.24,3414378.99163849,3.01691646075116
253,"Josh Osich",31.2,850000,67.7,4.66,1.14,4,0,0.41,4050475.81837379,3.76526566867505
277,"Kohl Stewart",25.2,8e+05,25.3,6.4,1.46,2,0,-0.19,2947186.28599377,2.68398285749221
115,"Dan Winkler",29.8,750000,21.7,4.99,1.34,3,0,-0.23,2803383.90625637,2.73784520834183
202,"Jared Hughes",34.9,7e+05,71.3,4.04,1.18,5,1,0.18,3830169.24088047,4.47167034411495
103,"Collin McHugh",32.7,6e+05,74.7,4.7,1.23,4,0,0.26,3763442.73405351,5.27240455675585
216,"Jesse Hahn",30.3,6e+05,4.7,13.5,2.79,0,0,-0.36,1094966.23024689,0.824943717078151
195,"Jake McGee",33.9,563500,41.3,4.36,1.4,0,0,0.22,2274293.57030713,3.03601343444033
418,"Trevor Bauer",30,3.4e+07,73,1.73,0.8,5,0,2.95,4867055.29519864,-0.856851314847099
286,"Liam Hendriks",31.9,1.8e+07,25.3,1.78,0.67,3,14,1.41,6222422.5090524,-0.6543098606082
196,"Jake Odorizzi",30.9,7833333,13.7,6.59,1.39,0,0,-0.18,2314064.35708599,-0.704587516311895
401,"Taijuan Walker",28.5,7666667,53.3,2.7,1.16,4,0,0.37,3690118.26116738,-0.5186802477312
270,"Kevin Gausman",29.8,18900000,59.7,3.62,1.11,3,0,1.33,3899368.25702259,-0.793684219205154
333,"Mike Minor",32.9,9e+06,56.7,5.56,1.24,1,0,-0.03,3036832.06878417,-0.662574214579536
51,"Blake Treinen",32.5,8750000,25.7,3.86,1.21,3,1,-0.22,2867351.78738458,-0.672302652870334
421,"Trevor May",31.2,7750000,23.3,3.86,1.16,1,2,0.07,2865355.28910167,-0.630276736890108
85,"Charlie Morton",37,1.5e+07,38,4.74,1.4,2,0,0.14,2335735.13380392,-0.844284324413072
356,"Pedro Baez",32.8,6250000,17,3.18,1,0,2,0.07,2771730.25513614,-0.556523159178218
422,"Trevor Rosenthal",30.7,1.1e+07,23.7,1.9,0.85,1,11,0.32,4313275.53518798,-0.607884042255638
105,"Corey Kluber",34.8,1.1e+07,1,0,1,0,0,0.06,2029022.63806896,-0.815543396539186
139,"Drew Smyly",31.4,1.1e+07,26.3,3.42,1.1,0,0,0.45,2784112.97858128,-0.746898820128975
54,"Brad Hand",30.8,10500000,22,2.05,0.77,2,16,0.6,5609557.34639587,-0.465756443200394
161,"Garrett Richards",32.6,1e+07,51.3,4.03,1.25,2,0,0.9,3091992.71312481,-0.690800728687519
200,"James Paxton",32.2,8500000,20.3,6.64,1.48,1,0,-0.39,2242432.57550805,-0.736184402881406
12,"Adam Wainwright",39.3,8e+06,65.7,3.15,1.05,5,0,0.5,3464267.12396532,-0.566966609504335
182,"J.A. Happ",38.2,8e+06,49.3,3.47,1.05,2,0,1.23,3089933.97521095,-0.613758253098631
248,"Jose Quintana",31.9,8e+06,10,4.5,1.3,0,0,0.01,2215217.67550821,-0.723097790561473
367,"Robbie Ray",29.1,8e+06,51.7,6.62,1.9,2,0,-0.48,2182744.91578516,-0.727156885526855
266,"Ken Giles",30.3,3500000,3.7,9.82,2.18,0,1,-0.16,1513871.14564381,-0.567465386958912
20,"Alex Colome",32.1,6250000,22.3,0.81,0.94,2,12,0.97,4253221.10375421,-0.319484623399326
189,"Jake Arrieta",34.9,6e+06,44.3,5.08,1.51,4,0,0.79,2696147.77500638,-0.550642037498937
41,"Archie Bradley",28.4,6e+06,18.3,2.95,1.09,2,6,0.18,3584844.92480127,-0.402525845866455
36,"Anthony DeSclafani",30.6,6e+06,33.7,7.22,1.69,1,0,-0.58,2150308.50476838,-0.64161524920527
275,"Kirby Yates",33.8,5500000,4.3,12.46,2.54,0,2,-0.34,1212889.15005525,-0.779474699989954
409,"Tommy Kahnle",31.3,2625000,1,0,2,0,0,0.1,1078843.89699784,-0.589011848762727
264,"Justin Wilson",33.4,2575000,19.7,3.66,1.37,2,0,0.22,2319324.38623022,-0.0992915004931173
195,"Jake McGee",34.5,2500000,20.3,2.66,0.84,3,0,0.45,3405702.12697461,0.362280850789845
35,"Anthony Bass",33.2,2500000,25.7,3.51,1.01,2,7,0.61,3820860.28299333,0.52834411319733
235,"Jon Lester",37,5e+06,61,5.16,1.33,3,0,-0.21,2861958.40085032,-0.427608319829937
86,"Chase Anderson",33.2,4e+06,33.7,7.22,1.63,1,0,-0.45,2136650.94250578,-0.465837264373555
323,"Michael Fiers",35.6,3500000,59,4.58,1.37,6,0,0.66,3280026.64564637,-0.0628495298153238
221,"Joakim Soria",36.7,3500000,22.3,2.82,1.25,2,2,0.44,2445430.52980588,-0.301305562912605
255,"José Ureña",29.2,3250000,23.3,5.4,1.5,0,0,0.27,2327465.689334,-0.283856710974154
303,"Mark Melancon",35.8,3e+06,22.7,2.78,1.28,2,11,0.96,3246735.92610842,0.0822453087028069
79,"Carlos Rodon",28.1,3e+06,7.7,8.22,1.57,0,0,-0.35,2223417.09627381,-0.258860967908731
4,"Aaron Loup",33.1,3e+06,25,2.52,0.84,3,0,0.46,3562524.1411527,0.187508047050902
429,"Tyler Chatwood",31.1,3e+06,18.7,5.3,1.66,2,0,-0.1,2064774.41855315,-0.311741860482285
25,"Alex Wood",30,3e+06,12.7,6.4,1.82,0,0,-0.37,1666930.87238875,-0.444356375870418
329,"Michael Wacha",29.4,3e+06,34,6.62,1.56,1,0,-0.19,2459378.50070662,-0.180207166431127
28,"Andrew Chafin",30.6,2750000,9.7,6.52,1.66,1,1,-0.19,2038012.11683294,-0.258904684788023
165,"Greg Holland",35,2750000,28.3,1.91,0.95,3,6,0.9,3738961.10727664,0.359622220827869
449,"Yusmeiro Petit",36.2,2550000,21.7,1.66,1.11,2,0,0.84,2559295.4220181,0.00364526353650891
62,"Brett Anderson",33,2500000,47,4.21,1.28,4,0,0.59,3205214.77316607,0.282085909266426
364,"Rich Hill",40.9,2500000,38.7,3.03,1.16,2,0,0.8,2468349.79466391,-0.0126600821344348
424,"Trevor Williams",28.8,2500000,55.3,6.18,1.57,2,0,-0.91,2717582.15730653,0.0870328629226113
430,"Tyler Clippard",36,2250000,26,2.77,0.89,2,0,0.37,3075875.73946874,0.367055884208328
316,"Matt Shoemaker",34.3,2e+06,28.7,4.71,1.08,0,0,0.59,2865460.95159917,0.432730475799583
387,"Sergio Romo",37.9,2e+06,20,4.05,1.15,1,5,0.02,2629084.46136782,0.314542230683909
332,"Mike Foltynewicz",29.2,2e+06,3.3,16.2,2.4,0,0,-0.26,1698463.45311855,-0.150768273440724
168,"Hansel Robles",30.3,2e+06,16.7,1.26,1.74,0,1,-0.75,1379939.56817915,-0.310030215910423
129,"David Phelps",34.3,1750000,20.7,6.53,1.16,2,0,0.57,3128663.75929698,0.787807862455417
419,"Trevor Cahill",33,1500000,25,3.24,1.2,1,0,0.57,2616096.97283836,0.744064648558908
385,"Sean Doolittle",34.3,1500000,7.7,5.87,1.7,0,0,0.02,1654270.27879043,0.10284685252695
254,"Josh Tomlin",36,1250000,39.7,4.77,1.21,2,0,0.47,2835833.66430605,1.26866693144484
269,"Keone Kela",27.8,1200000,2,4.5,2,0,0,0.01,1425857.32449224,0.188214437076865
87,"Chaz Roe",34.3,1150000,9.3,2.89,1.39,2,1,0.28,2142991.91221387,0.863471228012061
319,"Matt Wisler",28.2,1150000,25.3,1.07,1.15,0,1,1.03,2858697.25392156,1.48582369906223
457,"Álex Claudio",28.8,1125000,19,4.26,1.26,0,1,0.1,2619394.1800207,1.32835038224062
379,"Ryne Stanek",29.4,1100000,10,7.2,1.9,0,0,-0.07,1705309.0103157,0.550280918468816
101,"Cole Hamels",37.6,1e+06,3.3,8.1,1.2,0,0,-0.08,2346985.86820831,1.34698586820831
414,"Tony Watson",35.8,1e+06,18,2.5,0.89,1,2,0.15,2895181.52511702,1.89518152511702
397,"Steve Cishek",34.8,1e+06,20,5.4,1.5,0,0,-0.22,1887107.1764338,0.887107176433801
60,"Brandon Workman",32.5,1e+06,19.7,5.95,2.24,1,9,0.1,1661107.44260983,0.661107442609826
90,"Chris Devenski",30.2,1e+06,3.7,14.73,2.73,0,0,-0.36,1206438.40100378,0.206438401003776
376,"Ryan Tepera",33.2,8e+05,20.7,3.92,1.4,0,0,0.21,2087920.6663088,1.609900832886
274,"Keynan Middleton",27.2,8e+05,12,5.25,1.5,0,0,0.02,2242186.61253277,1.80273326566596
352,"Oliver Drake",34.1,775000,11,5.73,1.18,0,2,-0.11,2520565.08391888,2.2523420437663
236,"Jonathan Holder",27.5,750000,21.7,4.99,1.66,3,0,0.12,2421846.87947268,2.22912917263024
320,"Max Scherzer",37.3,43333333,179.3,2.46,0.86,15,0,3.24,4432796.83792852,-0.897704687568609
367,"Robbie Ray",30.1,2.3e+07,193.3,2.84,1.05,13,0,6.59,1810298.94429845,-0.921291350247893
270,"Kevin Gausman",30.8,2.2e+07,192,2.81,1.04,14,0,5.11,2663621.20974897,-0.878926308647774
144,"Eduardo Rodriguez",28.6,15400000,157.7,4.74,1.39,13,0,1.75,5722305.29062141,-0.628421734375233
301,"Marcus Stroman",30.6,23666667,179,3.02,1.15,10,0,3.36,4027265.72700492,-0.829833844917625
362,"Raisel Iglesias",31.8,14500000,70,2.57,0.93,7,34,2.79,10985377.4093309,-0.242387764873733
233,"Jon Gray",30,1.4e+07,149,4.59,1.33,8,0,1.48,5056884.71151404,-0.638793949177569
79,"Carlos Rodon",29.2,2.2e+07,132.7,2.37,0.96,13,0,5.07,3399208.10240145,-0.845490540799934
398,"Steven Matz",30.4,1.1e+07,150.7,3.82,1.33,14,0,2.07,5173715.31195881,-0.529662244367381
448,"Yusei Kikuchi",30.7,1.2e+07,157,4.41,1.32,7,0,1.73,4715562.77802934,-0.607036435164222
36,"Anthony DeSclafani",31.6,1.2e+07,167.7,3.17,1.09,13,0,4.17,3475982.75224404,-0.71033477064633
25,"Alex Wood",30.8,12500000,138.7,3.83,1.18,10,0,1.63,5444000.91375646,-0.564479926899483
267,"Kendall Graveman",30.9,8e+06,56,1.77,0.98,5,10,1.67,5313198.95733517,-0.335850130333104
349,"Noah Syndergaard",29.2,2.1e+07,2,9,1.5,0,0,-0.1,2386967.23788369,-0.88633489343411
19,"Alex Cobb",34.1,1e+07,93.3,3.76,1.26,8,0,1.63,4038070.73646661,-0.596192926353339
224,"Joe Kelly",33.8,8500000,44,2.86,0.98,2,2,0.7,3516386.15610406,-0.586307511046581
97,"Clayton Kershaw",33.9,1.7e+07,121.7,3.55,1.02,10,0,2.11,5046750.68878719,-0.703132312424283
171,"Hector Neris",32.4,8500000,74.3,3.63,1.17,4,12,1.18,5149469.21561892,-0.394180092280127
4,"Aaron Loup",33.9,8500000,56.7,0.95,0.94,6,0,2.79,3896499.64750022,-0.541588276764681
268,"Kenley Jansen",34.4,1.6e+07,69,2.22,1.04,4,38,2.29,9884087.67057293,-0.382244520589192
376,"Ryan Tepera",34.3,7e+06,61.3,2.79,0.88,0,2,1.1,3714491.64396679,-0.469358336576173
303,"Mark Melancon",36.7,7e+06,64.7,2.23,1.22,4,39,2.13,8370142.00774908,0.195734572535583
455,"Zack Greinke",38.3,1.3e+07,171,4.16,1.17,11,0,1.19,5662772.00600335,-0.564402153384357
28,"Andrew Chafin",31.7,6500000,68.7,1.84,0.93,2,5,1.48,4419619.38166284,-0.320058556667256
444,"Yimi Garcia",31.2,5500000,57.7,4.21,1.16,4,15,0.8,5614833.23610794,0.0208787702014429
103,"Collin McHugh",34.7,5e+06,64,1.55,0.94,6,1,1.96,4090516.95132937,-0.181896609734126
200,"James Paxton",33,1e+07,1.3,6.75,0.75,0,0,-0.01,3416440.39283434,-0.658355960716566
106,"Corey Knebel",30,1e+07,25.7,2.46,0.97,4,3,0.71,4026238.77713548,-0.597376122286452
70,"Brooks Raley",33.4,5e+06,49,4.78,1.2,2,2,-0.43,3129941.11111785,-0.37401177777643
29,"Andrew Heaney",30.4,8500000,129.7,5.83,1.32,8,0,0.8,5560651.66892615,-0.345805686008688
428,"Tyler Anderson",32.2,8e+06,167,4.53,1.25,7,0,1.36,5205799.87200095,-0.349275015999882
191,"Jake Diekman",35.1,4e+06,60.7,3.86,1.34,3,7,0.36,3421675.54738456,-0.144581113153859
105,"Corey Kluber",35.6,8e+06,80,3.83,1.34,5,0,1.44,3273391.92108226,-0.590826009864717
241,"Jordan Lyles",31.1,7e+06,180,5.15,1.39,10,0,-0.07,7799131.1934432,0.114161599063314
289,"Luis Garcia",34.8,3500000,33.3,3.24,0.99,1,2,0.35,3093985.96219758,-0.116004010800691
117,"Daniel Hudson",34.7,7e+06,51.7,3.31,1.08,5,0,0.98,3657470.40993372,-0.477504227152326
329,"Michael Wacha",30.3,7e+06,124.7,5.05,1.31,3,0,-0.61,4603961.12848203,-0.34229126735971
326,"Michael Lorenzen",29.8,6750000,29,5.59,1.38,1,0,-0.06,2623270.09674236,-0.611367393075206
54,"Brad Hand",31.9,6e+06,64.7,3.9,1.27,6,21,0.27,6596818.26303668,0.0994697105061137
218,"Jeurys Familia",32.4,6e+06,59.3,3.94,1.42,9,1,0.02,4025285.68356796,-0.329119052738674
161,"Garrett Richards",33.8,5500000,136.7,4.87,1.6,7,0,0.28,4179715.28105127,-0.240051767081588
327,"Michael Pineda",33.2,5500000,109.3,3.62,1.24,9,0,1.55,4480535.77108191,-0.185357132530562
139,"Drew Smyly",32.8,5250000,126.7,4.48,1.37,11,0,0.78,5389050.39107365,0.0264857887759338
310,"Matt Boyd",31.1,5200000,78.7,3.89,1.27,3,0,1.35,3575312.19296149,-0.312439962892021
338,"Mychal Givens",31.8,5e+06,51,3.35,1.37,4,8,1.11,3772083.67620185,-0.245583264759629
141,"Dylan Bundy",29,5e+06,90.7,6.06,1.36,2,0,-0.29,3809675.07837567,-0.238064984324867
364,"Rich Hill",41.7,5e+06,158.7,3.86,1.21,7,0,0.78,4423128.38717651,-0.115374322564698
179,"Ian Kennedy",37.2,4750000,56.3,3.2,1.1,3,27,1.14,6398600.50420569,0.347073790359092
450,"Zach Davies",29.1,4500000,148,5.78,1.6,6,0,-0.95,5619592.6104577,0.24879835787949
20,"Alex Colome",33.2,4100000,65,4.15,1.4,4,17,-0.65,4739558.04560328,0.155989767220311
11,"Adam Ottavino",36.2,4e+06,62,4.21,1.45,7,11,0.81,4203878.34229271,0.0509695855731783
305,"Martin Perez",30.9,4e+06,114,4.74,1.51,7,0,0.51,4264368.89106619,0.0660922227665479
88,"Chris Archer",33.5,3750000,19.3,4.66,1.35,1,0,-0.11,2242920.5469401,-0.401887854149308
41,"Archie Bradley",29.6,3750000,51,3.71,1.43,7,2,0.68,3738402.57064304,-0.00309264782852319
130,"David Robertson",36.9,3500000,12,4.5,1.25,0,0,-0.11,2020791.85098208,-0.422630899719407
71,"Bryan Shaw",34.3,3e+06,77.3,3.49,1.38,6,2,1.25,3518825.91478835,0.172941971596118
121,"Danny Duffy",33.2,3e+06,61,2.51,1.21,4,0,2.07,3354678.92043345,0.11822630681115
84,"Chad Kuhl",29.5,3e+06,80.3,4.82,1.43,5,0,0.12,3812680.54026422,0.270893513421406
317,"Matt Strahm",30.3,3e+06,6.7,8.1,2.4,0,0,-0.18,1175995.64523219,-0.608001451589271
92,"Chris Martin",35.8,2750000,43.3,3.95,1.27,2,1,0.41,2721632.59727814,-0.0103154191715868
226,"Joe Smith",37.9,2500000,39.7,4.99,1.39,4,0,-0.49,2528146.95173138,0.0112587806925515
52,"Brad Boxberger",33.8,2500000,64.7,3.34,1.07,5,4,1.16,4345143.64163661,0.738057456654645
227,"Joely Rodriguez",29.9,2500000,46.3,4.66,1.53,2,1,-0.63,2532249.84059729,0.0128999362389168
170,"Heath Hembree",33.2,2125000,58,5.59,1.19,2,9,-0.54,4090786.70527344,0.925076096599266
248,"Jose Quintana",32.8,2e+06,63,6.43,1.73,0,0,-0.88,2032837.35306739,0.0164186765336964
177,"Hunter Strickland",33.4,1825000,58.7,2.61,1.16,3,0,0.3,3166474.29148522,0.73505440629327
119,"Daniel Norris",28.8,1750000,57,6.16,1.49,2,1,-0.32,3073067.83687765,0.756038763930088
397,"Steve Cishek",35.7,1750000,68.3,3.42,1.49,0,0,1.16,2313636.46691146,0.322077981092262
385,"Sean Doolittle",35.4,1500000,49.7,4.53,1.47,3,1,0.65,2655710.09595036,0.77047339730024
215,"Jesse Chavez",38.5,1250000,33.7,2.14,0.98,3,0,1.12,3003660.87515518,1.40292870012414
219,"Jhoulys Chacin",33.8,1250000,64.3,4.34,1.26,3,0,0.65,3258301.60329175,1.6066412826334
347,"Nick Wittgren",30.8,1200000,62.3,5.05,1.24,2,1,-0.03,3464259.22752383,1.88688268960319
403,"Taylor Clarke",28.5,975000,43.3,4.99,1.52,1,0,0.02,2548166.81263917,1.61350442321967
205,"Jason Adam",30.6,9e+05,10.7,5.91,1.5,1,0,-0.1,2202510.59671008,1.44723399634453
231,"John Curtiss",29,770000,44.3,3.45,1.22,3,0,0.92,3427788.14552056,3.45167291626046
34,"Anthony Banda",29,7e+05,33.7,4.28,1.55,2,0,-0.33,2350002.65380869,2.35714664829813
220,"Jimmy Nelson",32.8,7e+05,29,1.86,0.93,1,0,0.93,3156446.45109516,3.50920921585023
188,"Jacob deGrom",34.4,3.7e+07,64.3,3.08,0.75,5,0,1.42,4803193.06023944,-0.87018397134488
79,"Carlos Rodon",30,2.7e+07,178,2.88,1.03,14,0,5.31,2687766.14711657,-0.900453105662349
145,"Edwin Diaz",28.6,20400000,62,1.31,0.84,3,32,3.08,10710453.5093012,-0.474977769151901
263,"Justin Verlander",39.8,43333333,175,1.75,0.83,18,0,5.5,2045105.12089798,-0.952805266077779
401,"Taijuan Walker",30.2,1.8e+07,157.3,3.49,1.2,12,0,2.27,5169165.61959365,-0.712824132244797
201,"Jameson Taillon",31,1.7e+07,177.3,3.91,1.13,13,0,1.36,7206936.21035722,-0.57606257586134
89,"Chris Bassitt",33.8,2.1e+07,181.7,3.42,1.15,15,0,3.18,4156490.7877378,-0.802071867250581
368,"Robert Suarez",31.7,9200000,47.7,2.27,1.05,5,1,1.36,3918716.35311676,-0.574052570313395
452,"Zach Eflin",28.6,13333333,75.7,4.04,1.12,3,0,0.94,4202471.28246185,-0.684814645935728
428,"Tyler Anderson",32.8,1.3e+07,178.7,2.57,1,15,0,4.26,3348694.78411881,-0.742408093529322
360,"Rafael Montero",32,11500000,68.3,2.37,1.02,5,14,1.22,5888451.96968144,-0.48796069828857
340,"Nathan Eovaldi",32.8,1.7e+07,109.3,3.87,1.24,6,0,1.13,4271666.30053275,-0.748725511733368
404,"Taylor Rogers",32,1.1e+07,64.3,4.76,1.18,4,31,-0.19,8480124.47062412,-0.229079593579626
268,"Kenley Jansen",35.2,1.6e+07,64,3.38,1.05,5,41,0.89,11123679.3182128,-0.3047700426117
329,"Michael Wacha",31.6,6500000,127.3,3.32,1.12,11,0,3.31,4168989.64812348,-0.358616977211772
248,"Jose Quintana",33.8,1.3e+07,165.7,2.93,1.21,6,0,1.98,4218553.15770481,-0.675495910945784
374,"Ross Stripling",33,12500000,134.3,3.02,1.02,10,0,2.75,4631776.54272583,-0.629457876581934
386,"Sean Manaea",30.8,12500000,158,4.96,1.3,8,0,-1.18,8099676.46295609,-0.352025882963513
29,"Andrew Heaney",31.5,12500000,72.7,3.1,1.09,4,0,0.83,3963055.18289009,-0.682955585368793
97,"Clayton Kershaw",34.7,2e+07,126.3,2.28,0.94,12,0,3.54,4070698.99208603,-0.796465050395698
305,"Martin Perez",31.6,19650000,196.3,2.89,1.26,12,0,5.17,2253554.31786294,-0.885315301889927
139,"Drew Smyly",33.5,9500000,106.3,3.47,1.19,7,0,1.86,4155362.3755464,-0.562593434153011
241,"Jordan Lyles",32.2,8500000,179,4.43,1.39,12,0,1.03,6245766.06154313,-0.265203992759632
388,"Seth Lugo",33.1,7500000,65,3.6,1.17,4,0,0.74,3590424.28960326,-0.521276761386232
317,"Matt Strahm",31,7500000,44.7,3.83,1.23,4,4,0.19,3709868.91768855,-0.50535081097486
11,"Adam Ottavino",37,7250000,65.7,2.06,0.98,5,3,2.14,3956831.41336054,-0.454230149881304
78,"Carlos Estevez",29.9,6750000,57,3.47,1.18,4,2,1.15,3965742.62263832,-0.412482574423952
92,"Chris Martin",36.5,6750000,56,3.05,0.98,4,2,0.02,3716631.85949447,-0.449387872667486
349,"Noah Syndergaard",30.2,1.3e+07,134.7,3.94,1.26,10,0,1.08,5672220.47722725,-0.563675347905596
424,"Trevor Williams",30.6,6500000,89.7,3.21,1.23,3,1,1.3,3808332.60945898,-0.414102675467849
331,"Mike Clevinger",31.9,1.2e+07,114.3,4.33,1.2,7,0,0.62,5065248.62636315,-0.577895947803071
409,"Tommy Kahnle",33.2,5750000,12.7,2.84,0.63,0,1,0.31,3493250.11617609,-0.392478240665028
105,"Corey Kluber",36.7,1e+07,164,4.34,1.21,10,0,0.8,5883119.10932624,-0.411688089067376
109,"Craig Kimbrel",34.5,1e+07,60,3.75,1.32,6,22,0.12,5991090.51830705,-0.400890948169295
130,"David Robertson",37.6,1e+07,63.7,2.4,1.16,4,20,1.94,5242906.00038192,-0.475709399961808
282,"Kyle Gibson",35.1,1e+07,167.7,5.05,1.34,10,0,0.67,5971281.22800952,-0.402871877199048
310,"Matt Boyd",31.8,1e+07,13.3,1.35,0.98,2,0,0.43,2868274.04675907,-0.713172595324093
83,"Chad Green",31.7,4250000,15,3,1.2,1,1,0.06,2487704.51071948,-0.414657762183651
455,"Zack Greinke",39.2,8500000,137,3.68,1.34,4,0,2.45,3041623.20531782,-0.642161975844963
232,"Johnny Cueto",36.8,8500000,158.3,3.35,1.23,8,0,3.38,3275347.57240881,-0.614664991481316
326,"Michael Lorenzen",30.9,8500000,97.7,4.24,1.28,8,0,0.62,4824377.90289362,-0.432426129071339
364,"Rich Hill",42.8,8e+06,124.3,4.27,1.3,8,0,0.85,3816307.77834322,-0.522961527707097
315,"Matt Moore",33.6,7550000,74,1.95,1.18,5,5,2.3,3933499.59582727,-0.479006676049369
421,"Trevor May",33.2,7e+06,25,5.04,1.44,2,1,-0.18,2380854.36947214,-0.659877947218266
28,"Andrew Chafin",32.6,6250000,57.3,2.83,1.17,2,3,0.29,3307651.98056576,-0.470775683109478
450,"Zach Davies",29.8,5e+06,134.3,4.09,1.3,2,0,0.61,4175974.23940195,-0.164805152119609
338,"Mychal Givens",32.6,5e+06,61.3,3.38,1.32,7,2,0.96,3815977.68886603,-0.236804462226794
359,"Pierce Johnson",31.6,5e+06,14.3,5.02,1.54,1,0,-0.03,2055447.89225539,-0.588910421548923
433,"Wade Miley",36.1,4500000,37,3.16,1.22,2,0,0.03,2497326.146323,-0.445038634150445
324,"Michael Fulmer",29.8,4e+06,63.7,3.39,1.37,5,3,0.36,3744577.73111654,-0.063855567220864
42,"Aroldis Chapman",34.8,3750000,36.3,4.46,1.43,4,9,-0.25,3247956.65487271,-0.133878225367277
330,"Miguel Castro",27.9,3500000,29,4.03,1.45,5,0,-0.34,2993112.50049961,-0.144824999857254
432,"Vincent Velasquez",30.4,3150000,75.3,4.78,1.24,3,0,0.23,3773066.33163433,0.197798835439469
377,"Ryan Yarbrough",30.9,3e+06,80,4.5,1.38,3,0,0.06,3384083.92522797,0.12802797507599
52,"Brad Boxberger",34.5,2800000,64,2.95,1.23,4,1,1,3315599.96452471,0.184142844473111
203,"Jarlin Garcia",29.8,2500000,65,3.74,1.2,1,1,0.38,3371513.46189782,0.348605384759128
54,"Brad Hand",32.9,2e+06,45,2.8,1.33,3,5,0.91,3192722.75842858,0.596361379214291
227,"Joely Rodriguez",31,2e+06,50.3,4.47,1.35,2,0,-0.25,2833432.30965016,0.41671615482508
190,"Jake Brentz",28.5,950000,5.3,23.63,3.94,0,0,-1.31,688970.248385066,-0.274768159594667
218,"Jeurys Familia",33.4,1500000,44.3,6.09,1.81,2,0,-0.57,1966913.31627675,0.311275544184497
436,"Will Smith",33.6,1500000,59,3.97,1.41,0,5,-0.67,2544381.9811655,0.696254654110335
391,"Shelby Miller",32.1,1500000,7,6.43,1.29,0,0,-0.19,2325406.45714098,0.550270971427321
420,"Trevor Gott",30.2,1200000,45.7,4.14,1.03,3,0,-0.03,3763242.63034912,2.13603552529093
264,"Justin Wilson",35.5,1e+06,3.7,2.46,0.82,0,0,0.13,2596621.25505408,1.59662125505408
151,"Erasmo Ramirez",32.6,1e+06,86.3,2.92,1.08,4,0,1.36,3996207.86953193,2.99620786953193
187,"Jackson Stephens",28.6,740000,53.7,3.69,1.34,3,2,0.18,3368102.41319406,3.55148974755953
90,"Chris Devenski",32.8,720000,14.7,8.59,1.5,2,0,-0.36,2469709.50110798,2.43015208487219
292,"Luke Weaver",30,720000,35.7,6.56,1.82,1,0,-0.41,1978004.67329797,1.74722871291384
191,"Jake Diekman",36.2,720000,57.7,4.99,1.63,5,1,0.26,2656259.51880882,2.68924933167892
